11f02fe2a0061d6e6e1f271b21da95423b448b32,DELETE,regular-file,frontend/vite-env.d.ts,38,
f7f285b7490764490f6c2c5ddc9a84ed475c5cc8,DELETE,executable,phantom-env/bin/dotenv,251,
86c4072e041b667df18bbee2c931d95eef90fc22,DELETE,regular-file,phantom-env/lib/python3.12/site-packages/azure/ai/ml/_arm_deployments/arm_templates/environment_version.json,531,
51673b141ad13dcb55a1c7e40912c376429962b9,DELETE,regular-file,phantom-env/lib/python3.12/site-packages/azure/ai/ml/_azure_environments.py,14530,
f7c20228871505b79fef816af6cc5a335696d3c0,DELETE,regular-file,phantom-env/lib/python3.12/site-packages/azure/ai/ml/_internal/_schema/environment.py,713,
673afeac4f6bbb83cc8f864436c466f66f6adca8,DELETE,regular-file,phantom-env/lib/python3.12/site-packages/azure/ai/ml/_internal/entities/environment.py,7149,
cc73914969d85fd9aeada684795aab82fb1ceaf3,DELETE,regular-file,phantom-env/lib/python3.12/site-packages/azure/ai/ml/_local_endpoints/validators/environment_validator.py,8346,
28c51e549547ec33e613fb0635fc8d0b3c270c08,DELETE,regular-file,phantom-env/lib/python3.12/site-packages/azure/ai/ml/_restclient/v2021_10_01_dataplanepreview/aio/operations/_environment_containers_operations.py,15307,
ce17fee2de0a64f34c6a5486f3ad79c14c472013,DELETE,regular-file,phantom-env/lib/python3.12/site-packages/azure/ai/ml/_restclient/v2021_10_01_dataplanepreview/aio/operations/_environment_versions_operations.py,19491,
80db850b35c7fa4f9e3960765abcbfab1adf4f97,DELETE,regular-file,phantom-env/lib/python3.12/site-packages/azure/ai/ml/_restclient/v2021_10_01_dataplanepreview/operations/_environment_containers_operations.py,22239,
6a736791d4b213c943fe0662c4fbbdd439d4b2d3,DELETE,regular-file,phantom-env/lib/python3.12/site-packages/azure/ai/ml/_restclient/v2021_10_01_dataplanepreview/operations/_environment_versions_operations.py,27382,
828587256d539c329f0a5bc1c550b6bfe147ed8a,DELETE,regular-file,phantom-env/lib/python3.12/site-packages/azure/ai/ml/_restclient/v2022_02_01_preview/aio/operations/_environment_containers_operations.py,14288,
232982ef7b8fe04a87bf8503c4eb2a65a3b73a26,DELETE,regular-file,phantom-env/lib/python3.12/site-packages/azure/ai/ml/_restclient/v2022_02_01_preview/aio/operations/_environment_versions_operations.py,15270,
accdfff6fdff136d66a9c843795743340aa7eac2,DELETE,regular-file,phantom-env/lib/python3.12/site-packages/azure/ai/ml/_restclient/v2022_02_01_preview/operations/_environment_containers_operations.py,20956,
a530e2ee5fa3d606d72e45ed47a5d8f628ddb269,DELETE,regular-file,phantom-env/lib/python3.12/site-packages/azure/ai/ml/_restclient/v2022_02_01_preview/operations/_environment_versions_operations.py,22736,
828587256d539c329f0a5bc1c550b6bfe147ed8a,DELETE,regular-file,phantom-env/lib/python3.12/site-packages/azure/ai/ml/_restclient/v2022_05_01/aio/operations/_environment_containers_operations.py,14288,
232982ef7b8fe04a87bf8503c4eb2a65a3b73a26,DELETE,regular-file,phantom-env/lib/python3.12/site-packages/azure/ai/ml/_restclient/v2022_05_01/aio/operations/_environment_versions_operations.py,15270,
204bce807b5ab36e87486c5cc03202391d0ff6b8,DELETE,regular-file,phantom-env/lib/python3.12/site-packages/azure/ai/ml/_restclient/v2022_05_01/operations/_environment_containers_operations.py,20924,
35e876131baa53689e79af1c6a7dee0f28dae42f,DELETE,regular-file,phantom-env/lib/python3.12/site-packages/azure/ai/ml/_restclient/v2022_05_01/operations/_environment_versions_operations.py,22704,
ff98446f8983994f662a582ca7fa8032e113200e,DELETE,regular-file,phantom-env/lib/python3.12/site-packages/azure/ai/ml/_restclient/v2022_10_01/aio/operations/_environment_containers_operations.py,15121,
93a89dcc3147d81a4af0d528154c4f2a416f2d7b,DELETE,regular-file,phantom-env/lib/python3.12/site-packages/azure/ai/ml/_restclient/v2022_10_01/aio/operations/_environment_versions_operations.py,16103,
ee1f061bd07fe6f4687329624c348c3f0f2f6add,DELETE,regular-file,phantom-env/lib/python3.12/site-packages/azure/ai/ml/_restclient/v2022_10_01/operations/_environment_containers_operations.py,22095,
c262a3ac2cb9d785ab70b7efa73113a7aacf3131,DELETE,regular-file,phantom-env/lib/python3.12/site-packages/azure/ai/ml/_restclient/v2022_10_01/operations/_environment_versions_operations.py,23877,
774d9f5bdf4d50eecb193fe9fdbe9a5bcde12f5e,DELETE,regular-file,phantom-env/lib/python3.12/site-packages/azure/ai/ml/_restclient/v2022_10_01_preview/aio/operations/_environment_containers_operations.py,15153,
d5d425464fa607a8ffd202b6d1123ab67efafc81,DELETE,regular-file,phantom-env/lib/python3.12/site-packages/azure/ai/ml/_restclient/v2022_10_01_preview/aio/operations/_environment_versions_operations.py,16135,
6231b1e8ca778f748c3ebba19215719b1241afa5,DELETE,regular-file,phantom-env/lib/python3.12/site-packages/azure/ai/ml/_restclient/v2022_10_01_preview/aio/operations/_registry_environment_containers_operations.py,21893,
0f53286a5fd7ed5107a83b1332f8552417216472,DELETE,regular-file,phantom-env/lib/python3.12/site-packages/azure/ai/ml/_restclient/v2022_10_01_preview/aio/operations/_registry_environment_versions_operations.py,23033,
9234f37eb34a12d03df227967c44f25382ce8d37,DELETE,regular-file,phantom-env/lib/python3.12/site-packages/azure/ai/ml/_restclient/v2022_10_01_preview/operations/_environment_containers_operations.py,22159,
167bbc040c8502735491a4ad8677e7c7c0af4f6e,DELETE,regular-file,phantom-env/lib/python3.12/site-packages/azure/ai/ml/_restclient/v2022_10_01_preview/operations/_environment_versions_operations.py,23941,
6f2dcc994ef2ad703f0cbefbc38ba6cd4b1c00cb,DELETE,regular-file,phantom-env/lib/python3.12/site-packages/azure/ai/ml/_restclient/v2022_10_01_preview/operations/_registry_environment_containers_operations.py,29010,
b54f03c1f10dde04fcbe0c3b8a0a4fb88926e827,DELETE,regular-file,phantom-env/lib/python3.12/site-packages/azure/ai/ml/_restclient/v2022_10_01_preview/operations/_registry_environment_versions_operations.py,31024,
fb8217f2a410310f3d1b9a00227e9a67a32cf15b,DELETE,regular-file,phantom-env/lib/python3.12/site-packages/azure/ai/ml/_restclient/v2022_12_01_preview/aio/operations/_environment_containers_operations.py,15153,
44ddf210bdcc3aba40e4762cb7dd3a3d3101dc5a,DELETE,regular-file,phantom-env/lib/python3.12/site-packages/azure/ai/ml/_restclient/v2022_12_01_preview/aio/operations/_environment_versions_operations.py,16135,
e49f0ac534122823341f81fcedf35dac0c2a5f0c,DELETE,regular-file,phantom-env/lib/python3.12/site-packages/azure/ai/ml/_restclient/v2022_12_01_preview/aio/operations/_registry_environment_containers_operations.py,21893,
2fcaf965053dd25927ae6adca9414f63a2bbf0ed,DELETE,regular-file,phantom-env/lib/python3.12/site-packages/azure/ai/ml/_restclient/v2022_12_01_preview/aio/operations/_registry_environment_versions_operations.py,23033,
db6606ef014b87335f98bad7600f9a6baab263ec,DELETE,regular-file,phantom-env/lib/python3.12/site-packages/azure/ai/ml/_restclient/v2022_12_01_preview/operations/_environment_containers_operations.py,22159,
84a7e94dbd128f9a62fe4677f56847a3e35c62e3,DELETE,regular-file,phantom-env/lib/python3.12/site-packages/azure/ai/ml/_restclient/v2022_12_01_preview/operations/_environment_versions_operations.py,23941,
08c96ac6156f0c2d246e760fdbf0d913e874875b,DELETE,regular-file,phantom-env/lib/python3.12/site-packages/azure/ai/ml/_restclient/v2022_12_01_preview/operations/_registry_environment_containers_operations.py,29010,
b5264eee503b794b582ed9e870673e80fc0ad644,DELETE,regular-file,phantom-env/lib/python3.12/site-packages/azure/ai/ml/_restclient/v2022_12_01_preview/operations/_registry_environment_versions_operations.py,31024,
354e7f90ca5c17cd61a1036ab1070963d4506c10,DELETE,regular-file,phantom-env/lib/python3.12/site-packages/azure/ai/ml/_restclient/v2023_02_01_preview/aio/operations/_environment_containers_operations.py,14871,
2b7ba57fef7666c9035210d260d556685d50c927,DELETE,regular-file,phantom-env/lib/python3.12/site-packages/azure/ai/ml/_restclient/v2023_02_01_preview/aio/operations/_environment_versions_operations.py,15837,
1608aec165a7dfe071db06def32197792ea490d0,DELETE,regular-file,phantom-env/lib/python3.12/site-packages/azure/ai/ml/_restclient/v2023_02_01_preview/aio/operations/_registry_environment_containers_operations.py,21662,
9c4d21aabb8b9b47d45e5fc844f592c3d436fca9,DELETE,regular-file,phantom-env/lib/python3.12/site-packages/azure/ai/ml/_restclient/v2023_02_01_preview/aio/operations/_registry_environment_versions_operations.py,22778,
32f4b7f884ffd389ef3680a80177b43c0aa0252a,DELETE,regular-file,phantom-env/lib/python3.12/site-packages/azure/ai/ml/_restclient/v2023_02_01_preview/operations/_environment_containers_operations.py,21919,
81857d4993f352352f037ebb68b48dd18cbe46af,DELETE,regular-file,phantom-env/lib/python3.12/site-packages/azure/ai/ml/_restclient/v2023_02_01_preview/operations/_environment_versions_operations.py,23701,
0d1541eebb57178e74d37ab426cb74470b241616,DELETE,regular-file,phantom-env/lib/python3.12/site-packages/azure/ai/ml/_restclient/v2023_02_01_preview/operations/_registry_environment_containers_operations.py,28853,
f52e2620d0b2214a78408957d9871826f6d240bd,DELETE,regular-file,phantom-env/lib/python3.12/site-packages/azure/ai/ml/_restclient/v2023_02_01_preview/operations/_registry_environment_versions_operations.py,30867,
01e25b2450f226293902344f71d5fa38e3f590d1,DELETE,regular-file,phantom-env/lib/python3.12/site-packages/azure/ai/ml/_restclient/v2023_04_01/aio/operations/_environment_containers_operations.py,15121,
d9ffe8415095d09c9668451c666872779824890c,DELETE,regular-file,phantom-env/lib/python3.12/site-packages/azure/ai/ml/_restclient/v2023_04_01/aio/operations/_environment_versions_operations.py,16103,
afde2902654424f24b6dc28b8223e97a3eab48ed,DELETE,regular-file,phantom-env/lib/python3.12/site-packages/azure/ai/ml/_restclient/v2023_04_01/aio/operations/_registry_environment_containers_operations.py,21949,
fe5f1662d7cd582e794dd35904af3ed588ce7804,DELETE,regular-file,phantom-env/lib/python3.12/site-packages/azure/ai/ml/_restclient/v2023_04_01/aio/operations/_registry_environment_versions_operations.py,23089,
26bc1583e3ad042841eaccedfae03681b1e4e05a,DELETE,regular-file,phantom-env/lib/python3.12/site-packages/azure/ai/ml/_restclient/v2023_04_01/operations/_environment_containers_operations.py,22275,
13e0ea646c31e0310a11057eee93db78855e559d,DELETE,regular-file,phantom-env/lib/python3.12/site-packages/azure/ai/ml/_restclient/v2023_04_01/operations/_environment_versions_operations.py,24057,
0a68c1abdb5f02afb163d7376b348eb5c584b585,DELETE,regular-file,phantom-env/lib/python3.12/site-packages/azure/ai/ml/_restclient/v2023_04_01/operations/_registry_environment_containers_operations.py,29312,
032aa25865a38199d1cd076b595f8b02be592001,DELETE,regular-file,phantom-env/lib/python3.12/site-packages/azure/ai/ml/_restclient/v2023_04_01/operations/_registry_environment_versions_operations.py,31373,
c244e3087b2125d7dccb4dc0737e8f6448b959c7,DELETE,regular-file,phantom-env/lib/python3.12/site-packages/azure/ai/ml/_restclient/v2023_04_01_preview/aio/operations/_environment_containers_operations.py,15153,
40f5206cd973a76fc50aa6343bc5b531ba2898da,DELETE,regular-file,phantom-env/lib/python3.12/site-packages/azure/ai/ml/_restclient/v2023_04_01_preview/aio/operations/_environment_versions_operations.py,16135,
6ef88a9053c1b9f56c88fa1ca1bd57b65a93577a,DELETE,regular-file,phantom-env/lib/python3.12/site-packages/azure/ai/ml/_restclient/v2023_04_01_preview/aio/operations/_registry_environment_containers_operations.py,22006,
667cc5ae4d8dd3286a036124acd782f70e459928,DELETE,regular-file,phantom-env/lib/python3.12/site-packages/azure/ai/ml/_restclient/v2023_04_01_preview/aio/operations/_registry_environment_versions_operations.py,23146,
c65ab9b7488fa17e0de5ac81b93fe28fe2e0bc04,DELETE,regular-file,phantom-env/lib/python3.12/site-packages/azure/ai/ml/_restclient/v2023_04_01_preview/operations/_environment_containers_operations.py,22339,
3ece2a07625dfc959878aa75505f2905d575222c,DELETE,regular-file,phantom-env/lib/python3.12/site-packages/azure/ai/ml/_restclient/v2023_04_01_preview/operations/_environment_versions_operations.py,24121,
23e6dba4017dc86d48605c0ae51e7ec9d46a7d86,DELETE,regular-file,phantom-env/lib/python3.12/site-packages/azure/ai/ml/_restclient/v2023_04_01_preview/operations/_registry_environment_containers_operations.py,29401,
3ea0d1f3b707bb464b44ba5accb4e66661b76b24,DELETE,regular-file,phantom-env/lib/python3.12/site-packages/azure/ai/ml/_restclient/v2023_04_01_preview/operations/_registry_environment_versions_operations.py,31415,
879bd838b489452ecde0e9a727ecbe2cba0ef406,DELETE,regular-file,phantom-env/lib/python3.12/site-packages/azure/ai/ml/_restclient/v2023_06_01_preview/aio/operations/_environment_containers_operations.py,15153,
ac0a16029ed5b7ca98f8fc02922af395760575c2,DELETE,regular-file,phantom-env/lib/python3.12/site-packages/azure/ai/ml/_restclient/v2023_06_01_preview/aio/operations/_environment_versions_operations.py,16391,
b1fa9c19705bd53be14c774e4b1299e2d76f426c,DELETE,regular-file,phantom-env/lib/python3.12/site-packages/azure/ai/ml/_restclient/v2023_06_01_preview/aio/operations/_registry_environment_containers_operations.py,21997,
29d408c85033dcf5dc9cd540c5d66aed21bdc872,DELETE,regular-file,phantom-env/lib/python3.12/site-packages/azure/ai/ml/_restclient/v2023_06_01_preview/aio/operations/_registry_environment_versions_operations.py,23393,
6700257f57af041f4cb40209267733e157aa0a4f,DELETE,regular-file,phantom-env/lib/python3.12/site-packages/azure/ai/ml/_restclient/v2023_06_01_preview/operations/_environment_containers_operations.py,22339,
2e687d2bb13ea39abeb0005ee846530ccfe28904,DELETE,regular-file,phantom-env/lib/python3.12/site-packages/azure/ai/ml/_restclient/v2023_06_01_preview/operations/_environment_versions_operations.py,24548,
3d50fb87236f18b2d65c3947e9abaf674c8455ba,DELETE,regular-file,phantom-env/lib/python3.12/site-packages/azure/ai/ml/_restclient/v2023_06_01_preview/operations/_registry_environment_containers_operations.py,29392,
e6c6d56f182cf77cf405622cdfbb6ebd0b30b854,DELETE,regular-file,phantom-env/lib/python3.12/site-packages/azure/ai/ml/_restclient/v2023_06_01_preview/operations/_registry_environment_versions_operations.py,31880,
04798e32755204ce97b230f073f120ab8080b9c0,DELETE,regular-file,phantom-env/lib/python3.12/site-packages/azure/ai/ml/_restclient/v2023_08_01_preview/aio/operations/_environment_containers_operations.py,15153,
a48745f8d3831e6ecb19ae9942ebef13194b651a,DELETE,regular-file,phantom-env/lib/python3.12/site-packages/azure/ai/ml/_restclient/v2023_08_01_preview/aio/operations/_environment_versions_operations.py,16391,
850199c61975ab873f3172a84e30ea2aa4d88016,DELETE,regular-file,phantom-env/lib/python3.12/site-packages/azure/ai/ml/_restclient/v2023_08_01_preview/aio/operations/_registry_environment_containers_operations.py,21997,
a7a29c7ad4f4e15f2f18022d96c6fe896197e1c2,DELETE,regular-file,phantom-env/lib/python3.12/site-packages/azure/ai/ml/_restclient/v2023_08_01_preview/aio/operations/_registry_environment_versions_operations.py,23393,
b97f0bb6c7877f833b7f3a1873a4029a07bb3a56,DELETE,regular-file,phantom-env/lib/python3.12/site-packages/azure/ai/ml/_restclient/v2023_08_01_preview/operations/_environment_containers_operations.py,22339,
7424a9d73878579b6ce835d5b30d1a7d0535128f,DELETE,regular-file,phantom-env/lib/python3.12/site-packages/azure/ai/ml/_restclient/v2023_08_01_preview/operations/_environment_versions_operations.py,24548,
76e884fa9ef541d06eff66c66be592250778c897,DELETE,regular-file,phantom-env/lib/python3.12/site-packages/azure/ai/ml/_restclient/v2023_08_01_preview/operations/_registry_environment_containers_operations.py,29392,
45da2675d119e20a144f45998a85e17b8b65f934,DELETE,regular-file,phantom-env/lib/python3.12/site-packages/azure/ai/ml/_restclient/v2023_08_01_preview/operations/_registry_environment_versions_operations.py,31880,
0fd5f3bb27a5a4ca48ef39440c84ff2a8df1d308,DELETE,regular-file,phantom-env/lib/python3.12/site-packages/azure/ai/ml/_restclient/v2023_10_01/aio/operations/_environment_containers_operations.py,20016,
042a4ded4e8a8c6437e0f636a9b83e9a8005a12e,DELETE,regular-file,phantom-env/lib/python3.12/site-packages/azure/ai/ml/_restclient/v2023_10_01/aio/operations/_environment_versions_operations.py,32877,
fb72152812acc7ec2fbed35984879fde6c9041fa,DELETE,regular-file,phantom-env/lib/python3.12/site-packages/azure/ai/ml/_restclient/v2023_10_01/aio/operations/_registry_environment_containers_operations.py,29212,
d7b236043dc7d7fc30b9041baba61b9326b9a9ea,DELETE,regular-file,phantom-env/lib/python3.12/site-packages/azure/ai/ml/_restclient/v2023_10_01/aio/operations/_registry_environment_versions_operations.py,30458,
f49e31b82fc87f2b51a763e4227f02e13f323b31,DELETE,regular-file,phantom-env/lib/python3.12/site-packages/azure/ai/ml/_restclient/v2023_10_01/operations/_environment_containers_operations.py,26506,
3bbc62f69a8d927af7899e7dc0a2f7dbe5261e77,DELETE,regular-file,phantom-env/lib/python3.12/site-packages/azure/ai/ml/_restclient/v2023_10_01/operations/_environment_versions_operations.py,41679,
b1fc62e5d5288162eb711bec379b7c477906b8ca,DELETE,regular-file,phantom-env/lib/python3.12/site-packages/azure/ai/ml/_restclient/v2023_10_01/operations/_registry_environment_containers_operations.py,35764,
b02769cbef3c39047b4ff3ce6c23bd2a78735607,DELETE,regular-file,phantom-env/lib/python3.12/site-packages/azure/ai/ml/_restclient/v2023_10_01/operations/_registry_environment_versions_operations.py,37832,
cf49754bcab5db99a6dd0a1557ab772d96f45859,DELETE,regular-file,phantom-env/lib/python3.12/site-packages/azure/ai/ml/_restclient/v2024_01_01_preview/aio/operations/_environment_containers_operations.py,15153,
e8e7192df3064509936941a65978719b221d42ba,DELETE,regular-file,phantom-env/lib/python3.12/site-packages/azure/ai/ml/_restclient/v2024_01_01_preview/aio/operations/_environment_versions_operations.py,22726,
f3704c8b184922d4edfaa424d6af9602c4ddf787,DELETE,regular-file,phantom-env/lib/python3.12/site-packages/azure/ai/ml/_restclient/v2024_01_01_preview/aio/operations/_registry_environment_containers_operations.py,21997,
90ee81a7ba9c1c7649b7ed93dd1e1f716ad13647,DELETE,regular-file,phantom-env/lib/python3.12/site-packages/azure/ai/ml/_restclient/v2024_01_01_preview/aio/operations/_registry_environment_versions_operations.py,23393,
7dbb8d9e25acd58a3962dcb2ceec03f0fed13811,DELETE,regular-file,phantom-env/lib/python3.12/site-packages/azure/ai/ml/_restclient/v2024_01_01_preview/operations/_environment_containers_operations.py,22339,
5b700ab6a1a406654499876b77e273f70554b955,DELETE,regular-file,phantom-env/lib/python3.12/site-packages/azure/ai/ml/_restclient/v2024_01_01_preview/operations/_environment_versions_operations.py,32814,
43ee8e4b9eb6a6a631e38136b40c27f9ecafa92c,DELETE,regular-file,phantom-env/lib/python3.12/site-packages/azure/ai/ml/_restclient/v2024_01_01_preview/operations/_registry_environment_containers_operations.py,29392,
bf7a7185a6875fb145f1db160279936cad406bc1,DELETE,regular-file,phantom-env/lib/python3.12/site-packages/azure/ai/ml/_restclient/v2024_01_01_preview/operations/_registry_environment_versions_operations.py,31880,
222d2e3f07a22f2fd2bda79c089996fe667021e8,DELETE,regular-file,phantom-env/lib/python3.12/site-packages/azure/ai/ml/_restclient/v2024_04_01_preview/aio/operations/_environment_containers_operations.py,15153,
7dbe7dfde0fe46494c4f88065dd9e69320a71dfc,DELETE,regular-file,phantom-env/lib/python3.12/site-packages/azure/ai/ml/_restclient/v2024_04_01_preview/aio/operations/_environment_versions_operations.py,22675,
4203ad1c17a35fa037fd9dcc1f6981b2b3dbb72c,DELETE,regular-file,phantom-env/lib/python3.12/site-packages/azure/ai/ml/_restclient/v2024_04_01_preview/aio/operations/_registry_environment_containers_operations.py,21997,
a3096bd97cfbe0001a8739740ea92517747267dc,DELETE,regular-file,phantom-env/lib/python3.12/site-packages/azure/ai/ml/_restclient/v2024_04_01_preview/aio/operations/_registry_environment_versions_operations.py,23393,
e3a26a3f295ea260713f70bcbec08e022e6ef511,DELETE,regular-file,phantom-env/lib/python3.12/site-packages/azure/ai/ml/_restclient/v2024_04_01_preview/operations/_environment_containers_operations.py,22339,
ea2935e4994a41298fec5a68a000a85828793b2b,DELETE,regular-file,phantom-env/lib/python3.12/site-packages/azure/ai/ml/_restclient/v2024_04_01_preview/operations/_environment_versions_operations.py,32789,
114f490c1cd85669008427ff8f0d9fa24da43f9f,DELETE,regular-file,phantom-env/lib/python3.12/site-packages/azure/ai/ml/_restclient/v2024_04_01_preview/operations/_registry_environment_containers_operations.py,29392,
438dc99499bce7a36bbf435ab511516d318b6dae,DELETE,regular-file,phantom-env/lib/python3.12/site-packages/azure/ai/ml/_restclient/v2024_04_01_preview/operations/_registry_environment_versions_operations.py,31880,
ddb38c346623d97aa3ae5b67118ffe1bb0a4ae30,DELETE,regular-file,phantom-env/lib/python3.12/site-packages/azure/ai/ml/_restclient/v2024_07_01_preview/aio/operations/_environment_containers_operations.py,15153,
17c98f41c928da06a4c98c126114aa0d3984a39f,DELETE,regular-file,phantom-env/lib/python3.12/site-packages/azure/ai/ml/_restclient/v2024_07_01_preview/aio/operations/_environment_versions_operations.py,22484,
8ad6a11e78c0753c9bafd89d66f9388357d0c805,DELETE,regular-file,phantom-env/lib/python3.12/site-packages/azure/ai/ml/_restclient/v2024_07_01_preview/aio/operations/_registry_environment_containers_operations.py,21997,
ad5d46c77abbcf7430b67fd7f240a1e96bc49dc3,DELETE,regular-file,phantom-env/lib/python3.12/site-packages/azure/ai/ml/_restclient/v2024_07_01_preview/aio/operations/_registry_environment_versions_operations.py,23137,
770ccd4b6f474d1f04ab538dcd250414817c78a1,DELETE,regular-file,phantom-env/lib/python3.12/site-packages/azure/ai/ml/_restclient/v2024_07_01_preview/operations/_environment_containers_operations.py,22339,
e58244215b7f70cd2a30bfc16ab07725912cd8a6,DELETE,regular-file,phantom-env/lib/python3.12/site-packages/azure/ai/ml/_restclient/v2024_07_01_preview/operations/_environment_versions_operations.py,32427,
8cbc594942696e1263a4fc21b5909dabc7aab6ab,DELETE,regular-file,phantom-env/lib/python3.12/site-packages/azure/ai/ml/_restclient/v2024_07_01_preview/operations/_registry_environment_containers_operations.py,29392,
4c809a0aa5e537dac52284e75783c7962c1569ee,DELETE,regular-file,phantom-env/lib/python3.12/site-packages/azure/ai/ml/_restclient/v2024_07_01_preview/operations/_registry_environment_versions_operations.py,31453,
73f6ce0da7490b7e782872a75a61850b9f4465ee,DELETE,regular-file,phantom-env/lib/python3.12/site-packages/azure/ai/ml/_restclient/v2024_10_01_preview/aio/operations/_environment_containers_operations.py,15153,
d672f49c003c9f3da3aec41354de16ce488cd3f6,DELETE,regular-file,phantom-env/lib/python3.12/site-packages/azure/ai/ml/_restclient/v2024_10_01_preview/aio/operations/_environment_versions_operations.py,22484,
a16bbe11deea4ba1164d3938d77e0596497e860f,DELETE,regular-file,phantom-env/lib/python3.12/site-packages/azure/ai/ml/_restclient/v2024_10_01_preview/aio/operations/_registry_environment_containers_operations.py,21997,
9364b05fcfbc0f582d77bcbd11f54265f99289a2,DELETE,regular-file,phantom-env/lib/python3.12/site-packages/azure/ai/ml/_restclient/v2024_10_01_preview/aio/operations/_registry_environment_versions_operations.py,23137,
b1da26a7beb3c0eb4764701f9586fe40e37f14f6,DELETE,regular-file,phantom-env/lib/python3.12/site-packages/azure/ai/ml/_restclient/v2024_10_01_preview/operations/_environment_containers_operations.py,22339,
5f4a59f20d7ff3f8a56b7e99fa9fdc8b4f0b214d,DELETE,regular-file,phantom-env/lib/python3.12/site-packages/azure/ai/ml/_restclient/v2024_10_01_preview/operations/_environment_versions_operations.py,32427,
957dbbe796dd25646a5c0bc83723b358b37205b0,DELETE,regular-file,phantom-env/lib/python3.12/site-packages/azure/ai/ml/_restclient/v2024_10_01_preview/operations/_registry_environment_containers_operations.py,29392,
0846ca92f1681ce5e786e50b73904acba6dc6131,DELETE,regular-file,phantom-env/lib/python3.12/site-packages/azure/ai/ml/_restclient/v2024_10_01_preview/operations/_registry_environment_versions_operations.py,31453,
e9ec52b09ce1f36d9ed70e556e15b70fecc36cc6,DELETE,regular-file,phantom-env/lib/python3.12/site-packages/azure/ai/ml/_restclient/v2025_01_01_preview/aio/operations/_environment_containers_operations.py,15153,
b527ed077c39c271ec1b1bb7d3334fe85b6bfab0,DELETE,regular-file,phantom-env/lib/python3.12/site-packages/azure/ai/ml/_restclient/v2025_01_01_preview/aio/operations/_environment_versions_operations.py,22484,
034be3dff8f2ab742e3f5faf510dc09d26e4d8e2,DELETE,regular-file,phantom-env/lib/python3.12/site-packages/azure/ai/ml/_restclient/v2025_01_01_preview/aio/operations/_registry_environment_containers_operations.py,21997,
d45b3d18ed5495fc6b2e7b7675cb55e50d9ad9d4,DELETE,regular-file,phantom-env/lib/python3.12/site-packages/azure/ai/ml/_restclient/v2025_01_01_preview/aio/operations/_registry_environment_versions_operations.py,23137,
75573018ccf5a6e63af7aefc1449d5ce00c32eba,DELETE,regular-file,phantom-env/lib/python3.12/site-packages/azure/ai/ml/_restclient/v2025_01_01_preview/operations/_environment_containers_operations.py,22339,
1061222eeaa43e1c01eb69c4afaf32862f3d618a,DELETE,regular-file,phantom-env/lib/python3.12/site-packages/azure/ai/ml/_restclient/v2025_01_01_preview/operations/_environment_versions_operations.py,32427,
03c5149dfb4b4c9e601d8ff8dbc0897c2a0525f6,DELETE,regular-file,phantom-env/lib/python3.12/site-packages/azure/ai/ml/_restclient/v2025_01_01_preview/operations/_registry_environment_containers_operations.py,29392,
972d9c7bd793e00b983affe3e7eca00ca3abd29c,DELETE,regular-file,phantom-env/lib/python3.12/site-packages/azure/ai/ml/_restclient/v2025_01_01_preview/operations/_registry_environment_versions_operations.py,31453,
3ca5333f63a64d7f90f885f252630b4133e03ba2,DELETE,regular-file,phantom-env/lib/python3.12/site-packages/azure/ai/ml/_schema/assets/environment.py,6051,
09e0a56ce93154fc1baebf392ad2ac2b90fc5aa7,DELETE,regular-file,phantom-env/lib/python3.12/site-packages/azure/ai/ml/_schema/assets/package/base_environment_source.py,637,
1be671448d26e42eddccfea7e71ca50bc521501f,DELETE,regular-file,phantom-env/lib/python3.12/site-packages/azure/ai/ml/entities/_assets/_artifacts/_package/base_environment_source.py,1880,
865273fb29d9b75c6e5fd944c855850581d03706,DELETE,regular-file,phantom-env/lib/python3.12/site-packages/azure/ai/ml/entities/_assets/environment.py,18708,
228204a726a36c82257c3ea4dc86cf69566a744a,DELETE,regular-file,phantom-env/lib/python3.12/site-packages/azure/ai/ml/operations/_environment_operations.py,23673,
8ae121af1df924d0d3cd1de56c4d881556af762a,DELETE,regular-file,phantom-env/lib/python3.12/site-packages/azure/identity/_credentials/environment.py,9743,
e71e3a7e42a128886ed1b75f6021d89c295459e4,DELETE,regular-file,phantom-env/lib/python3.12/site-packages/azure/identity/aio/_credentials/environment.py,7947,
81f31571eb8080e0d8ec2418e7b27006dca72cd6,DELETE,regular-file,phantom-env/lib/python3.12/site-packages/google/auth/environment_vars.py,3297,
4972a62e9336735786e790e5274835a366fbe9a4,DELETE,regular-file,phantom-env/lib/python3.12/site-packages/opentelemetry/instrumentation/django/environment_variables.py,649,
788677963299e21aef07610ab2ef4c0eff0e80f5,DELETE,regular-file,phantom-env/lib/python3.12/site-packages/opentelemetry/instrumentation/environment_variables.py,905,
e8d1aca0d6ae65972bd6642b27550f339e9d711f,DELETE,regular-file,phantom-env/lib/python3.12/site-packages/pip/_internal/build_env.py,10700,
4d906fd3149f1242db2efa6ed095d5857d61116c,DELETE,regular-file,phantom-env/lib/python3.12/site-packages/pip/_internal/metadata/importlib/_envs.py,7431,
882e36f5c1de19a8200000c216cf80119b37c96d,DELETE,regular-file,phantom-env/lib/python3.12/site-packages/pip/_internal/utils/virtualenv.py,3456,
8765b907d70c4a530bc90dc88f24b3df73473b01,DELETE,regular-file,phantom-env/lib/python3.12/site-packages/pip/_vendor/urllib3/contrib/_appengine_environ.py,957,
cd0b04e6a43c1bb3767dd136a19a9873fa547514,DELETE,regular-file,phantom-env/lib/python3.12/site-packages/pydantic/env_settings.py,148,
5f6f217500d8ca1e7717f59ae372ee9a27660fe3,DELETE,regular-file,phantom-env/lib/python3.12/site-packages/pydantic/v1/env_settings.py,14105,
8765b907d70c4a530bc90dc88f24b3df73473b01,DELETE,regular-file,phantom-env/lib/python3.12/site-packages/urllib3/contrib/_appengine_environ.py,957,
1d92546d4041a9bb534291a9d4904ca522d0b402,DELETE,regular-file,phantom-env/pyvenv.cfg,221,
f4c6a3507f6ea59d1814f6a9ae26b65d7be8460e,DELETE,regular-file,scripts/bootstrap/.env.example,37,
f04d523a7cd3048fa912dec7db91eff3a9cd9745,DELETE,executable,scripts/create_phantom_env.sh,1379,
4f704a3547da02f913d6cfdbd4e0ed77c81caabe,DELETE,regular-file,scripts/phantom-env/lib/python3.12/site-packages/pip/_internal/build_env.py,10243,
048dc55dcb23e81932fc77c094a59b5886d4a9a7,DELETE,regular-file,scripts/phantom-env/lib/python3.12/site-packages/pip/_internal/metadata/importlib/_envs.py,7456,
882e36f5c1de19a8200000c216cf80119b37c96d,DELETE,regular-file,scripts/phantom-env/lib/python3.12/site-packages/pip/_internal/utils/virtualenv.py,3456,
8765b907d70c4a530bc90dc88f24b3df73473b01,DELETE,regular-file,scripts/phantom-env/lib/python3.12/site-packages/pip/_vendor/urllib3/contrib/_appengine_environ.py,957,
7e3bc57bda6a314c5b091e0a14b34a92f62276d4,DELETE,regular-file,scripts/phantom-env/pyvenv.cfg,229,
